{
  "title": "Segurança & Privacidade",
  "meta_title": "Segurança & Privacidade",
  "meta_description": "Segurança & Privacidade",
  "body": "Termos de serviço\nPOLÍTICA DE PRIVACIDADE CAPELLI AUTOCLAVES & MÓVEIS TÉCNICOS\n\nNo nosso e-commerce seus dados são armazenados, apenas quando você se cadastra ou realiza alguma compra,  onde seus dados como e-mail são utilizados para comunicações por e-mail, o qual utilizamos para o contato e avisos de novidades e promoções da CAPELLI AUTOCLAVES & MÓVEIS TÉCNICOS.\n\nDADOS QUE COLETAMOS\nEstes são os dados que coletamos. Nós informamos para você o motivo de coletarmos todos estes dados e com quem os compartilhamos. Além disso, esclarecemos as finalidades que lhes serão destinadas (cumprir obrigações legais, atender suas expectativas e otimizar nossa relação, basicamente). Na tabela abaixo trazemos uma versão simplificada dos seus dados que gerenciamos e para que o fazemos. Lembre-se: em nossa política poderá ver com muito mais precisão para qual finalidade utilizamos seus dados!\n\nPRAZO E LOCAL DE ARMAZENAMENTO DOS DADOS\nDados pessoais Prazo de armazenamento Fundamento legal\n\nDados cadastrais 5 (cinco) anos após o término da relação Art. 12 e 34 do código de defesa do consumidor\n\nOutros dados Enquanto durar a relação e não houver pedido de apagamento ou revogação de consentimento Art. 9, inciso ii da lei geral de proteção de dados pessoais.\n\nACESSIBILIDADE DOS DADOS PESSOAIS\nPodemos coletar ou você poderá nos fornecer seu nome completo, empresa, telefone, cidade, whatsapp e cargo para a sua identificação.\n\nNão solicitamos em nenhum formulário do site dados como CPF, CNPJ, isso somente é solicitado para transação comercial que ocorre por e-commerce , presencialmente ou whatsapp para comercialização de produtos CAPELLI AUTOCLAVES & MÓVEIS TÉCNICOS. Esses dados ficam armazenados em nossa base específica comercial.\n\nTambém coletamos, caso necessário, algumas informações técnicas do seu dispositivo, tais como, a versão do sistema operacional, a sua geolocalização, os aplicativos instalados, IP e porta lógica de origem, registros de interações com a CAPELLI AUTOCLAVES & MÓVEIS TÉCNICOS , telas acessadas, session ID e dados públicos do seu Facebook, visando ampliar o nosso relacionamento, cumprir com obrigações legais, dentre outras finalidades.\n\nRecomendamos que você analise a nossa política onde constam mais detalhadamente as finalidades de uso de dados que coletamos. Usamos esses dados, também, para informar sobre nossos produtos e serviços, de acordo com seu perfil. Além disso, os dados também são utilizados para a sua proteção, seja para cumprir obrigações legais e assim assegurar seus direitos ou até mesmo para prevenir alguma fraude.\n\nCANAL DE CONTATO\nEm caso de qualquer dúvida com relação às disposições da política, você poderá entrar em contato por meio do e-mail: contato@capellimoveis.com.br\n\nDados sensíveis, confira nossa Política de Privacidade  para cadastro e pagamento em nosso e-commerce.\n\n\n\n## Comprar na Capelli Autoclaves & Móveis Técnicos é seguro?\n\nA **Capelli Autoclaves & Móveis Técnicos** se preocupa com a segurança de suas compras on-line. Por isso, não temos acesso e não armazenamos os dados do seu cartão de crédito. Você informará os dados do seu cartão diretamente no servidor da operadora do seu cartão, com total segurança. Não forneceremos seus dados a terceiros.\n\n### Que outras garantias vou ter que os produtos vão chegar?\n\nTodos os pagamentos que você fizer em nossa loja serão feitos em nome de nossa empresa.\n\nVocê tem um contato conosco através de telefone fixo, cujo endereço de instalação é facilmente verificável, não apenas por telefones celulares.\n\nTodo o nosso atendimento é feito por e-mails com domínio capellimoveis.com.br.\n\nCaso você queira verificar a existência de nossa empresa, nosso CNPJ é 24.903811/0001-60 e nossa razão social é: Capelli Comercio de Móveis e Acessórios para Salão de Beleza Ltda - ME. Clique aqui e entre no site da Receita Federal para conferir.\n\nNão perca as nossas excelentes condições para compra de produtos por causa de dúvidas em relação à segurança. Fazemos questão em esclarecer e resolver qualquer dúvida que você ainda tenha sobre o nosso trabalho. Em caso de mais dúvidas, fale conosco.\n\nCom relação à segurança no tráfego de dados, toda transação que envolver pagamento, seja por cartão de crédito ou não, estará encriptada com a tecnologia SSL (Secure Socket Layer). Isso significa que só nossa empresa terá acesso a estes dados.\n\n\n\nJUNHO/2022",
  "sections": [
    {
      "type": "extra-page",
      "enabled": true
    },
    {
      "type": "info-bar",
      "enabled": true
    }
  ]
}