{
  "meta_title": "",
  "meta_description": "",
  "sections": [
    {
      "type": "banner-slider",
      "autoplay": 9000,
      "full_width": true,
      "slides": [
        {
          "img": "/img/uploads/slide1.jpg",
          "link": "",
          "alt": "",
          "start": "2022-06-09T20:30:05.094Z",
          "end": "",
          "mobile_img": "/img/uploads/slide1m.jpg"
        }
      ]
    },
    {
      "type": "page-title",
      "title": "AUTOCLAVES - ESTERILIZAÇÃO DE MATERIAIS PARA SEU NEGÓCIO",
      "description": "Confira modelos disponíveis"
    },
    {
      "type": "dynamic-showcase",
      "load_more": false,
      "sort": "news"
    },
    {
      "type": "banners-grid",
      "banners": [
        {
          "img": "/img/uploads/autoclave-vet.jpg",
          "link": "https://capellimoveis.netlify.app/"
        },
        {
          "img": "/img/uploads/autoclave-est.jpg"
        }
      ]
    },
    {
      "type": "info-bar",
      "enabled": true
    }
  ]
}