{
  "shipping": {
    "show": true,
    "text": "Entrega Garantida",
    "title": "Envio para Todo Brasil",
    "link": "https://capellimoveis.netlify.app/pages/entrega"
  },
  "installments": {
    "show": true,
    "text": "em até 12x ",
    "title": "Parcele suas compras no cartão ",
    "link": "https://capellimoveis.netlify.app/pages/pagamentos"
  },
  "exchange": {
    "show": false,
    "text": "Não gostou? A primeira troca é gratuita"
  },
  "promo": {
    "show": false,
    "text": "Diferentes promoções ao longo do ano!"
  }
}